"method","type","param","cluster","dim.x","mean","sd","lower","upper","width","dim.y","true","bias","rmse"
"connectivity_only","mu","mu[1,1]",1,1,0.0607299944625391,0.461033613283239,-0.55968794634093,1.32097176397169,1.88065971031262,1,0,0.0607299944625391,0.465016262946168
"connectivity_only","mu","mu[1,1]",1,1,0.0607299944625391,0.461033613283239,-0.55968794634093,1.32097176397169,1.88065971031262,2,0,0.0607299944625391,0.465016262946168
"connectivity_only","mu","mu[1,1]",1,1,0.0607299944625391,0.461033613283239,-0.55968794634093,1.32097176397169,1.88065971031262,3,0,0.0607299944625391,0.465016262946168
"connectivity_only","mu","mu[1,1]",1,1,0.0607299944625391,0.461033613283239,-0.55968794634093,1.32097176397169,1.88065971031262,4,0,0.0607299944625391,0.465016262946168
"connectivity_only","mu","mu[1,2]",1,2,0.387513553937562,0.519387682707711,-0.0977412598384725,2.34854528136366,2.44628654120214,1,0,0.387513553937562,0.648020307886879
"connectivity_only","mu","mu[1,2]",1,2,0.387513553937562,0.519387682707711,-0.0977412598384725,2.34854528136366,2.44628654120214,2,0,0.387513553937562,0.648020307886879
"connectivity_only","mu","mu[1,2]",1,2,0.387513553937562,0.519387682707711,-0.0977412598384725,2.34854528136366,2.44628654120214,3,0,0.387513553937562,0.648020307886879
"connectivity_only","mu","mu[1,2]",1,2,0.387513553937562,0.519387682707711,-0.0977412598384725,2.34854528136366,2.44628654120214,4,0,0.387513553937562,0.648020307886879
"connectivity_only","mu","mu[1,3]",1,3,0.0450234727606216,0.310095359117714,-0.524554639134793,0.335967353065584,0.860521992200377,1,0,0.0450234727606216,0.313346844320747
"connectivity_only","mu","mu[1,3]",1,3,0.0450234727606216,0.310095359117714,-0.524554639134793,0.335967353065584,0.860521992200377,2,0,0.0450234727606216,0.313346844320747
"connectivity_only","mu","mu[1,3]",1,3,0.0450234727606216,0.310095359117714,-0.524554639134793,0.335967353065584,0.860521992200377,3,0,0.0450234727606216,0.313346844320747
"connectivity_only","mu","mu[1,3]",1,3,0.0450234727606216,0.310095359117714,-0.524554639134793,0.335967353065584,0.860521992200377,4,0,0.0450234727606216,0.313346844320747
"connectivity_only","mu","mu[1,4]",1,4,-0.303183698508106,0.462498299816574,-0.703697178213349,0.845787250482266,1.54948442869562,1,0,-0.303183698508106,0.553014495627624
"connectivity_only","mu","mu[1,4]",1,4,-0.303183698508106,0.462498299816574,-0.703697178213349,0.845787250482266,1.54948442869562,2,0,-0.303183698508106,0.553014495627624
"connectivity_only","mu","mu[1,4]",1,4,-0.303183698508106,0.462498299816574,-0.703697178213349,0.845787250482266,1.54948442869562,3,0,-0.303183698508106,0.553014495627624
"connectivity_only","mu","mu[1,4]",1,4,-0.303183698508106,0.462498299816574,-0.703697178213349,0.845787250482266,1.54948442869562,4,0,-0.303183698508106,0.553014495627624
"connectivity_only","mu","mu[2,1]",2,1,1.3684423315879,0.463310830927997,0.392659627498808,2.13441385987075,1.74175423237194,1,1,0.368442331587897,0.591951583967065
"connectivity_only","mu","mu[2,1]",2,1,1.3684423315879,0.463310830927997,0.392659627498808,2.13441385987075,1.74175423237194,2,2,-0.631557668412103,0.78327646114595
"connectivity_only","mu","mu[2,1]",2,1,1.3684423315879,0.463310830927997,0.392659627498808,2.13441385987075,1.74175423237194,3,0,1.3684423315879,1.44474611642908
"connectivity_only","mu","mu[2,1]",2,1,1.3684423315879,0.463310830927997,0.392659627498808,2.13441385987075,1.74175423237194,4,0,1.3684423315879,1.44474611642908
"connectivity_only","mu","mu[2,2]",2,2,1.85591055080552,0.569986626401814,0.702953698372027,2.91214597305745,2.20919227468543,1,1,0.855910550805522,1.02833244880104
"connectivity_only","mu","mu[2,2]",2,2,1.85591055080552,0.569986626401814,0.702953698372027,2.91214597305745,2.20919227468543,2,2,-0.144089449194478,0.587917106100928
"connectivity_only","mu","mu[2,2]",2,2,1.85591055080552,0.569986626401814,0.702953698372027,2.91214597305745,2.20919227468543,3,0,1.85591055080552,1.94146561310474
"connectivity_only","mu","mu[2,2]",2,2,1.85591055080552,0.569986626401814,0.702953698372027,2.91214597305745,2.20919227468543,4,0,1.85591055080552,1.94146561310474
"connectivity_only","mu","mu[2,3]",2,3,-0.133025341520369,0.467925032255964,-1.03942747666018,0.507688394776861,1.54711587143704,1,1,-1.13302534152037,1.22584675238755
"connectivity_only","mu","mu[2,3]",2,3,-0.133025341520369,0.467925032255964,-1.03942747666018,0.507688394776861,1.54711587143704,2,2,-2.13302534152037,2.18374699619251
"connectivity_only","mu","mu[2,3]",2,3,-0.133025341520369,0.467925032255964,-1.03942747666018,0.507688394776861,1.54711587143704,3,0,-0.133025341520369,0.486466419497128
"connectivity_only","mu","mu[2,3]",2,3,-0.133025341520369,0.467925032255964,-1.03942747666018,0.507688394776861,1.54711587143704,4,0,-0.133025341520369,0.486466419497128
"connectivity_only","mu","mu[2,4]",2,4,0.252919748885425,0.886350525576511,-0.529092285137157,3.0676642133082,3.59675649844536,1,1,-0.747080251114575,1.15920065381071
"connectivity_only","mu","mu[2,4]",2,4,0.252919748885425,0.886350525576511,-0.529092285137157,3.0676642133082,3.59675649844536,2,2,-1.74708025111458,1.95905759436121
"connectivity_only","mu","mu[2,4]",2,4,0.252919748885425,0.886350525576511,-0.529092285137157,3.0676642133082,3.59675649844536,3,0,0.252919748885425,0.921729707433813
"connectivity_only","mu","mu[2,4]",2,4,0.252919748885425,0.886350525576511,-0.529092285137157,3.0676642133082,3.59675649844536,4,0,0.252919748885425,0.921729707433813
"connectivity_only","mu","mu[3,1]",3,1,-3.72242268862474,0.178864899156174,-4.07508320370006,-3.35951577935713,0.715567424342926,1,-4,0.277577311375258,0.330214802727657
"connectivity_only","mu","mu[3,1]",3,1,-3.72242268862474,0.178864899156174,-4.07508320370006,-3.35951577935713,0.715567424342926,2,4,-7.72242268862474,7.72449382380078
"connectivity_only","mu","mu[3,1]",3,1,-3.72242268862474,0.178864899156174,-4.07508320370006,-3.35951577935713,0.715567424342926,3,-4,0.277577311375258,0.330214802727657
"connectivity_only","mu","mu[3,1]",3,1,-3.72242268862474,0.178864899156174,-4.07508320370006,-3.35951577935713,0.715567424342926,4,4,-7.72242268862474,7.72449382380078
"connectivity_only","mu","mu[3,2]",3,2,4.37238085343554,0.24604043227385,3.88067801000498,4.83919974710244,0.958521737097461,1,-4,8.37238085343554,8.37599528708603
"connectivity_only","mu","mu[3,2]",3,2,4.37238085343554,0.24604043227385,3.88067801000498,4.83919974710244,0.958521737097461,2,4,0.372380853435535,0.44632207464888
"connectivity_only","mu","mu[3,2]",3,2,4.37238085343554,0.24604043227385,3.88067801000498,4.83919974710244,0.958521737097461,3,-4,8.37238085343554,8.37599528708603
"connectivity_only","mu","mu[3,2]",3,2,4.37238085343554,0.24604043227385,3.88067801000498,4.83919974710244,0.958521737097461,4,4,0.372380853435535,0.44632207464888
"connectivity_only","mu","mu[3,3]",3,3,-4.0003040806225,0.19163495971182,-4.36195802457908,-3.62262778285091,0.739330241728169,1,-4,-0.000304080622497871,0.191635200964687
"connectivity_only","mu","mu[3,3]",3,3,-4.0003040806225,0.19163495971182,-4.36195802457908,-3.62262778285091,0.739330241728169,2,4,-8.0003040806225,8.0025989116167
"connectivity_only","mu","mu[3,3]",3,3,-4.0003040806225,0.19163495971182,-4.36195802457908,-3.62262778285091,0.739330241728169,3,-4,-0.000304080622497871,0.191635200964687
"connectivity_only","mu","mu[3,3]",3,3,-4.0003040806225,0.19163495971182,-4.36195802457908,-3.62262778285091,0.739330241728169,4,4,-8.0003040806225,8.0025989116167
"connectivity_only","mu","mu[3,4]",3,4,4.17354928216771,0.236692321688301,3.71513253407538,4.63999354347811,0.924861009402729,1,-4,8.17354928216771,8.17697567094158
"connectivity_only","mu","mu[3,4]",3,4,4.17354928216771,0.236692321688301,3.71513253407538,4.63999354347811,0.924861009402729,2,4,0.173549282167714,0.293500610709973
"connectivity_only","mu","mu[3,4]",3,4,4.17354928216771,0.236692321688301,3.71513253407538,4.63999354347811,0.924861009402729,3,-4,8.17354928216771,8.17697567094158
"connectivity_only","mu","mu[3,4]",3,4,4.17354928216771,0.236692321688301,3.71513253407538,4.63999354347811,0.924861009402729,4,4,0.173549282167714,0.293500610709973
"connectivity_only","pi","pi[1]",1,NA,0.555963930133784,0.169269053879364,0.0456173885092234,0.797990527340662,0.752373138831438,NA,0.5,0.0559639301337842,0.178280604882399
"connectivity_only","pi","pi[2]",2,NA,0.247151526371528,0.166525255739963,0.0151593014769624,0.738033930611772,0.72287462913481,NA,0.3,-0.0528484736284718,0.174710108362737
"connectivity_only","pi","pi[3]",3,NA,0.196884543494688,0.0323426383771427,0.136922533028153,0.265350933216792,0.128428400188638,NA,0.2,-0.00311545650531242,0.0324923425814625
"connectivity_only","sigma","sigma[1,1]",1,1,1.21564436907016,0.326737471810825,0.537352339179728,1.84453008886881,1.30717774968908,1,1,0.215644369070163,0.391484187927173
"connectivity_only","sigma","sigma[1,1]",1,1,1.21564436907016,0.326737471810825,0.537352339179728,1.84453008886881,1.30717774968908,2,1,0.215644369070163,0.391484187927173
"connectivity_only","sigma","sigma[1,1]",1,1,1.21564436907016,0.326737471810825,0.537352339179728,1.84453008886881,1.30717774968908,3,1,0.215644369070163,0.391484187927173
"connectivity_only","sigma","sigma[1,1]",1,1,1.21564436907016,0.326737471810825,0.537352339179728,1.84453008886881,1.30717774968908,4,1,0.215644369070163,0.391484187927173
"connectivity_only","sigma","sigma[1,2]",1,2,0.883609071190549,0.298059033822193,0.434908072348787,1.54399764908557,1.10908957673678,1,1,-0.116390928809451,0.319978180431332
"connectivity_only","sigma","sigma[1,2]",1,2,0.883609071190549,0.298059033822193,0.434908072348787,1.54399764908557,1.10908957673678,2,1,-0.116390928809451,0.319978180431332
"connectivity_only","sigma","sigma[1,2]",1,2,0.883609071190549,0.298059033822193,0.434908072348787,1.54399764908557,1.10908957673678,3,1,-0.116390928809451,0.319978180431332
"connectivity_only","sigma","sigma[1,2]",1,2,0.883609071190549,0.298059033822193,0.434908072348787,1.54399764908557,1.10908957673678,4,1,-0.116390928809451,0.319978180431332
"connectivity_only","sigma","sigma[1,3]",1,3,0.89687262650633,0.233882372572009,0.398944989803682,1.3585129499148,0.95956796011112,1,1,-0.10312737349367,0.255609505620615
"connectivity_only","sigma","sigma[1,3]",1,3,0.89687262650633,0.233882372572009,0.398944989803682,1.3585129499148,0.95956796011112,2,1,-0.10312737349367,0.255609505620615
"connectivity_only","sigma","sigma[1,3]",1,3,0.89687262650633,0.233882372572009,0.398944989803682,1.3585129499148,0.95956796011112,3,1,-0.10312737349367,0.255609505620615
"connectivity_only","sigma","sigma[1,3]",1,3,0.89687262650633,0.233882372572009,0.398944989803682,1.3585129499148,0.95956796011112,4,1,-0.10312737349367,0.255609505620615
"connectivity_only","sigma","sigma[1,4]",1,4,1.23244838078787,0.310755685136262,0.86436683866019,1.88125324439933,1.01688640573914,1,1,0.23244838078787,0.388073891901285
"connectivity_only","sigma","sigma[1,4]",1,4,1.23244838078787,0.310755685136262,0.86436683866019,1.88125324439933,1.01688640573914,2,1,0.23244838078787,0.388073891901285
"connectivity_only","sigma","sigma[1,4]",1,4,1.23244838078787,0.310755685136262,0.86436683866019,1.88125324439933,1.01688640573914,3,1,0.23244838078787,0.388073891901285
"connectivity_only","sigma","sigma[1,4]",1,4,1.23244838078787,0.310755685136262,0.86436683866019,1.88125324439933,1.01688640573914,4,1,0.23244838078787,0.388073891901285
"connectivity_only","sigma","sigma[2,1]",2,1,0.913881548287337,0.390516062117321,0.279703118774024,1.75006472144636,1.47036160267233,1,1.5,-0.586118451712663,0.704299392453003
"connectivity_only","sigma","sigma[2,1]",2,1,0.913881548287337,0.390516062117321,0.279703118774024,1.75006472144636,1.47036160267233,2,1.5,-0.586118451712663,0.704299392453003
"connectivity_only","sigma","sigma[2,1]",2,1,0.913881548287337,0.390516062117321,0.279703118774024,1.75006472144636,1.47036160267233,3,1.5,-0.586118451712663,0.704299392453003
"connectivity_only","sigma","sigma[2,1]",2,1,0.913881548287337,0.390516062117321,0.279703118774024,1.75006472144636,1.47036160267233,4,1.5,-0.586118451712663,0.704299392453003
"connectivity_only","sigma","sigma[2,2]",2,2,1.01987354264663,0.450028669205414,0.264578962382892,1.95078220134357,1.68620323896068,1,1.5,-0.48012645735337,0.658063232643713
"connectivity_only","sigma","sigma[2,2]",2,2,1.01987354264663,0.450028669205414,0.264578962382892,1.95078220134357,1.68620323896068,2,1.5,-0.48012645735337,0.658063232643713
"connectivity_only","sigma","sigma[2,2]",2,2,1.01987354264663,0.450028669205414,0.264578962382892,1.95078220134357,1.68620323896068,3,1.5,-0.48012645735337,0.658063232643713
"connectivity_only","sigma","sigma[2,2]",2,2,1.01987354264663,0.450028669205414,0.264578962382892,1.95078220134357,1.68620323896068,4,1.5,-0.48012645735337,0.658063232643713
"connectivity_only","sigma","sigma[2,3]",2,3,1.26319271724237,0.579427015899861,0.25414470739769,2.444555258968,2.19041055157031,1,1.5,-0.236807282757634,0.62594996279389
"connectivity_only","sigma","sigma[2,3]",2,3,1.26319271724237,0.579427015899861,0.25414470739769,2.444555258968,2.19041055157031,2,1.5,-0.236807282757634,0.62594996279389
"connectivity_only","sigma","sigma[2,3]",2,3,1.26319271724237,0.579427015899861,0.25414470739769,2.444555258968,2.19041055157031,3,1.5,-0.236807282757634,0.62594996279389
"connectivity_only","sigma","sigma[2,3]",2,3,1.26319271724237,0.579427015899861,0.25414470739769,2.444555258968,2.19041055157031,4,1.5,-0.236807282757634,0.62594996279389
"connectivity_only","sigma","sigma[2,4]",2,4,1.9090731962789,1.12938430108125,0.756714482621822,5.25426803483606,4.49755355221424,1,1.5,0.409073196278901,1.20118682120752
"connectivity_only","sigma","sigma[2,4]",2,4,1.9090731962789,1.12938430108125,0.756714482621822,5.25426803483606,4.49755355221424,2,1.5,0.409073196278901,1.20118682120752
"connectivity_only","sigma","sigma[2,4]",2,4,1.9090731962789,1.12938430108125,0.756714482621822,5.25426803483606,4.49755355221424,3,1.5,0.409073196278901,1.20118682120752
"connectivity_only","sigma","sigma[2,4]",2,4,1.9090731962789,1.12938430108125,0.756714482621822,5.25426803483606,4.49755355221424,4,1.5,0.409073196278901,1.20118682120752
"connectivity_only","sigma","sigma[3,1]",3,1,0.945296629562383,0.260549477187909,0.578409927699659,1.54002550632301,0.961615578623349,1,1,-0.054703370437617,0.26623014254612
"connectivity_only","sigma","sigma[3,1]",3,1,0.945296629562383,0.260549477187909,0.578409927699659,1.54002550632301,0.961615578623349,2,2,-1.05470337043762,1.08640932878697
"connectivity_only","sigma","sigma[3,1]",3,1,0.945296629562383,0.260549477187909,0.578409927699659,1.54002550632301,0.961615578623349,3,1,-0.054703370437617,0.26623014254612
"connectivity_only","sigma","sigma[3,1]",3,1,0.945296629562383,0.260549477187909,0.578409927699659,1.54002550632301,0.961615578623349,4,2,-1.05470337043762,1.08640932878697
"connectivity_only","sigma","sigma[3,2]",3,2,1.7594273232427,0.462241786133654,1.05874877867489,2.91408334037344,1.85533456169855,1,1,0.759427323242701,0.889042928173665
"connectivity_only","sigma","sigma[3,2]",3,2,1.7594273232427,0.462241786133654,1.05874877867489,2.91408334037344,1.85533456169855,2,2,-0.240572676757299,0.521097574020646
"connectivity_only","sigma","sigma[3,2]",3,2,1.7594273232427,0.462241786133654,1.05874877867489,2.91408334037344,1.85533456169855,3,1,0.759427323242701,0.889042928173665
"connectivity_only","sigma","sigma[3,2]",3,2,1.7594273232427,0.462241786133654,1.05874877867489,2.91408334037344,1.85533456169855,4,2,-0.240572676757299,0.521097574020646
"connectivity_only","sigma","sigma[3,3]",3,3,1.08741670638117,0.274537036326664,0.680088081921056,1.76123706043078,1.08114897850972,1,1,0.0874167063811691,0.288118491023328
"connectivity_only","sigma","sigma[3,3]",3,3,1.08741670638117,0.274537036326664,0.680088081921056,1.76123706043078,1.08114897850972,2,2,-0.912583293618831,0.952984182506311
"connectivity_only","sigma","sigma[3,3]",3,3,1.08741670638117,0.274537036326664,0.680088081921056,1.76123706043078,1.08114897850972,3,1,0.0874167063811691,0.288118491023328
"connectivity_only","sigma","sigma[3,3]",3,3,1.08741670638117,0.274537036326664,0.680088081921056,1.76123706043078,1.08114897850972,4,2,-0.912583293618831,0.952984182506311
"connectivity_only","sigma","sigma[3,4]",3,4,1.71271893753245,0.43451607546019,1.0643435125412,2.80303220564983,1.73868869310862,1,1,0.712718937532446,0.834729000185512
"connectivity_only","sigma","sigma[3,4]",3,4,1.71271893753245,0.43451607546019,1.0643435125412,2.80303220564983,1.73868869310862,2,2,-0.287281062467554,0.520897906202178
"connectivity_only","sigma","sigma[3,4]",3,4,1.71271893753245,0.43451607546019,1.0643435125412,2.80303220564983,1.73868869310862,3,1,0.712718937532446,0.834729000185512
"connectivity_only","sigma","sigma[3,4]",3,4,1.71271893753245,0.43451607546019,1.0643435125412,2.80303220564983,1.73868869310862,4,2,-0.287281062467554,0.520897906202178
"integrated","mu","mu[1,1]",1,1,-0.0326098231667198,0.16252145032678,-0.355944313878868,0.279119199180351,0.635063513059219,1,0,-0.0326098231667198,0.165760738364924
"integrated","mu","mu[1,1]",1,1,-0.0326098231667198,0.16252145032678,-0.355944313878868,0.279119199180351,0.635063513059219,2,0,-0.0326098231667198,0.165760738364924
"integrated","mu","mu[1,1]",1,1,-0.0326098231667198,0.16252145032678,-0.355944313878868,0.279119199180351,0.635063513059219,3,0,-0.0326098231667198,0.165760738364924
"integrated","mu","mu[1,1]",1,1,-0.0326098231667198,0.16252145032678,-0.355944313878868,0.279119199180351,0.635063513059219,4,0,-0.0326098231667198,0.165760738364924
"integrated","mu","mu[1,2]",1,2,0.22925304196134,0.157223326586985,-0.0486571513999059,0.560624623616021,0.609281775015927,1,0,0.22925304196134,0.27798584797001
"integrated","mu","mu[1,2]",1,2,0.22925304196134,0.157223326586985,-0.0486571513999059,0.560624623616021,0.609281775015927,2,0,0.22925304196134,0.27798584797001
"integrated","mu","mu[1,2]",1,2,0.22925304196134,0.157223326586985,-0.0486571513999059,0.560624623616021,0.609281775015927,3,0,0.22925304196134,0.27798584797001
"integrated","mu","mu[1,2]",1,2,0.22925304196134,0.157223326586985,-0.0486571513999059,0.560624623616021,0.609281775015927,4,0,0.22925304196134,0.27798584797001
"integrated","mu","mu[1,3]",1,3,0.0273292517477935,0.118645816525221,-0.197064625624718,0.271186599629086,0.468251225253804,1,0,0.0273292517477935,0.121752691058681
"integrated","mu","mu[1,3]",1,3,0.0273292517477935,0.118645816525221,-0.197064625624718,0.271186599629086,0.468251225253804,2,0,0.0273292517477935,0.121752691058681
"integrated","mu","mu[1,3]",1,3,0.0273292517477935,0.118645816525221,-0.197064625624718,0.271186599629086,0.468251225253804,3,0,0.0273292517477935,0.121752691058681
"integrated","mu","mu[1,3]",1,3,0.0273292517477935,0.118645816525221,-0.197064625624718,0.271186599629086,0.468251225253804,4,0,0.0273292517477935,0.121752691058681
"integrated","mu","mu[1,4]",1,4,-0.366755601670477,0.132076514493872,-0.624811711617246,-0.116208322607134,0.508603389010112,1,0,-0.366755601670477,0.389812617853147
"integrated","mu","mu[1,4]",1,4,-0.366755601670477,0.132076514493872,-0.624811711617246,-0.116208322607134,0.508603389010112,2,0,-0.366755601670477,0.389812617853147
"integrated","mu","mu[1,4]",1,4,-0.366755601670477,0.132076514493872,-0.624811711617246,-0.116208322607134,0.508603389010112,3,0,-0.366755601670477,0.389812617853147
"integrated","mu","mu[1,4]",1,4,-0.366755601670477,0.132076514493872,-0.624811711617246,-0.116208322607134,0.508603389010112,4,0,-0.366755601670477,0.389812617853147
"integrated","mu","mu[2,1]",2,1,1.44778822281986,0.272540483059142,0.883932107262673,1.95231207346591,1.06837996620324,1,1,0.447788222819858,0.524206645705945
"integrated","mu","mu[2,1]",2,1,1.44778822281986,0.272540483059142,0.883932107262673,1.95231207346591,1.06837996620324,2,2,-0.552211777180142,0.615805295334947
"integrated","mu","mu[2,1]",2,1,1.44778822281986,0.272540483059142,0.883932107262673,1.95231207346591,1.06837996620324,3,0,1.44778822281986,1.47321724570479
"integrated","mu","mu[2,1]",2,1,1.44778822281986,0.272540483059142,0.883932107262673,1.95231207346591,1.06837996620324,4,0,1.44778822281986,1.47321724570479
"integrated","mu","mu[2,2]",2,2,1.82268182295866,0.277626123652529,1.28098694401342,2.36606851411375,1.08508157010033,1,1,0.822681822958663,0.868263581155468
"integrated","mu","mu[2,2]",2,2,1.82268182295866,0.277626123652529,1.28098694401342,2.36606851411375,1.08508157010033,2,2,-0.177318177041337,0.32942070433352
"integrated","mu","mu[2,2]",2,2,1.82268182295866,0.277626123652529,1.28098694401342,2.36606851411375,1.08508157010033,3,0,1.82268182295866,1.84370423123619
"integrated","mu","mu[2,2]",2,2,1.82268182295866,0.277626123652529,1.28098694401342,2.36606851411375,1.08508157010033,4,0,1.82268182295866,1.84370423123619
"integrated","mu","mu[2,3]",2,3,0.0838827113724357,0.257803188630559,-0.421155353662101,0.597487768550009,1.01864312221211,1,1,-0.916117288627564,0.951700252490459
"integrated","mu","mu[2,3]",2,3,0.0838827113724357,0.257803188630559,-0.421155353662101,0.597487768550009,1.01864312221211,2,2,-1.91611728862756,1.93338251462186
"integrated","mu","mu[2,3]",2,3,0.0838827113724357,0.257803188630559,-0.421155353662101,0.597487768550009,1.01864312221211,3,0,0.0838827113724357,0.27110660880044
"integrated","mu","mu[2,3]",2,3,0.0838827113724357,0.257803188630559,-0.421155353662101,0.597487768550009,1.01864312221211,4,0,0.0838827113724357,0.27110660880044
"integrated","mu","mu[2,4]",2,4,0.0399921982940231,0.304282156713669,-0.484543285892039,0.705964129776729,1.19050741566877,1,1,-0.960007801705977,1.0070762683286
"integrated","mu","mu[2,4]",2,4,0.0399921982940231,0.304282156713669,-0.484543285892039,0.705964129776729,1.19050741566877,2,2,-1.96000780170598,1.98348637848678
"integrated","mu","mu[2,4]",2,4,0.0399921982940231,0.304282156713669,-0.484543285892039,0.705964129776729,1.19050741566877,3,0,0.0399921982940231,0.306899017298378
"integrated","mu","mu[2,4]",2,4,0.0399921982940231,0.304282156713669,-0.484543285892039,0.705964129776729,1.19050741566877,4,0,0.0399921982940231,0.306899017298378
"integrated","mu","mu[3,1]",3,1,-3.72975401466977,0.174882699553111,-4.06157722582191,-3.36091162560009,0.700665600221821,1,-4,0.270245985330233,0.321895714774354
"integrated","mu","mu[3,1]",3,1,-3.72975401466977,0.174882699553111,-4.06157722582191,-3.36091162560009,0.700665600221821,2,4,-7.72975401466977,7.73173208834258
"integrated","mu","mu[3,1]",3,1,-3.72975401466977,0.174882699553111,-4.06157722582191,-3.36091162560009,0.700665600221821,3,-4,0.270245985330233,0.321895714774354
"integrated","mu","mu[3,1]",3,1,-3.72975401466977,0.174882699553111,-4.06157722582191,-3.36091162560009,0.700665600221821,4,4,-7.72975401466977,7.73173208834258
"integrated","mu","mu[3,2]",3,2,4.38262893101864,0.240579272210078,3.90441083425896,4.87278213020223,0.968371295943276,1,-4,8.38262893101864,8.38608050172236
"integrated","mu","mu[3,2]",3,2,4.38262893101864,0.240579272210078,3.90441083425896,4.87278213020223,0.968371295943276,2,4,0.382628931018644,0.451977084673107
"integrated","mu","mu[3,2]",3,2,4.38262893101864,0.240579272210078,3.90441083425896,4.87278213020223,0.968371295943276,3,-4,8.38262893101864,8.38608050172236
"integrated","mu","mu[3,2]",3,2,4.38262893101864,0.240579272210078,3.90441083425896,4.87278213020223,0.968371295943276,4,4,0.382628931018644,0.451977084673107
"integrated","mu","mu[3,3]",3,3,-3.98988805800979,0.198704144869078,-4.37627934474045,-3.6051694470263,0.771109897714151,1,-4,0.0101119419902096,0.198961274018249
"integrated","mu","mu[3,3]",3,3,-3.98988805800979,0.198704144869078,-4.37627934474045,-3.6051694470263,0.771109897714151,2,4,-7.98988805800979,7.99235850776951
"integrated","mu","mu[3,3]",3,3,-3.98988805800979,0.198704144869078,-4.37627934474045,-3.6051694470263,0.771109897714151,3,-4,0.0101119419902096,0.198961274018249
"integrated","mu","mu[3,3]",3,3,-3.98988805800979,0.198704144869078,-4.37627934474045,-3.6051694470263,0.771109897714151,4,4,-7.98988805800979,7.99235850776951
"integrated","mu","mu[3,4]",3,4,4.17144274446809,0.244891678824431,3.70295999508298,4.65587441089403,0.952914415811047,1,-4,8.17144274446809,8.17511152587398
"integrated","mu","mu[3,4]",3,4,4.17144274446809,0.244891678824431,3.70295999508298,4.65587441089403,0.952914415811047,2,4,0.171442744468088,0.298939038916296
"integrated","mu","mu[3,4]",3,4,4.17144274446809,0.244891678824431,3.70295999508298,4.65587441089403,0.952914415811047,3,-4,8.17144274446809,8.17511152587398
"integrated","mu","mu[3,4]",3,4,4.17144274446809,0.244891678824431,3.70295999508298,4.65587441089403,0.952914415811047,4,4,0.171442744468088,0.298939038916296
"integrated","p","p",NA,NA,0.585414509547316,0.0301236031286497,0.522597411695135,0.638236016323704,0.115638604628569,NA,NA,NA,NA
"integrated","phi","phi[1]",1,NA,0.787067289609814,0.0362144467309103,0.713238427372611,0.858324452901928,0.145086025529317,NA,0.8,-0.0129327103901857,0.0384544035197838
"integrated","phi","phi[2]",2,NA,0.542713843249742,0.090239071808614,0.327082317127952,0.69268940455785,0.365607087429898,NA,0.6,-0.0572861567502577,0.10688682723374
"integrated","phi","phi[3]",3,NA,0.382606264347347,0.0789025238166194,0.234251588178442,0.546771604997324,0.312520016818882,NA,0.5,-0.117393735652653,0.141445740250872
"integrated","pi","pi[1]",1,NA,0.554580933849728,0.0796521867600192,0.394692560081094,0.709401726028659,0.314709165947565,NA,0.5,0.0545809338497281,0.0965585273062994
"integrated","pi","pi[2]",2,NA,0.250008886718858,0.0758689980430285,0.10230824305181,0.411962706556763,0.309654463504954,NA,0.3,-0.0499911132811418,0.0908582207130484
"integrated","pi","pi[3]",3,NA,0.195410179431414,0.0324754022983856,0.137754636391339,0.26278542943306,0.125030793041721,NA,0.2,-0.0045898205685862,0.032798143351321
"integrated","sigma","sigma[1,1]",1,1,1.15527993379046,0.215834691064167,0.810104768371351,1.62949354348011,0.819388775108762,1,1,0.155279933790463,0.265888081163363
"integrated","sigma","sigma[1,1]",1,1,1.15527993379046,0.215834691064167,0.810104768371351,1.62949354348011,0.819388775108762,2,1,0.155279933790463,0.265888081163363
"integrated","sigma","sigma[1,1]",1,1,1.15527993379046,0.215834691064167,0.810104768371351,1.62949354348011,0.819388775108762,3,1,0.155279933790463,0.265888081163363
"integrated","sigma","sigma[1,1]",1,1,1.15527993379046,0.215834691064167,0.810104768371351,1.62949354348011,0.819388775108762,4,1,0.155279933790463,0.265888081163363
"integrated","sigma","sigma[1,2]",1,2,0.789022114672735,0.2085034013629,0.460763843457499,1.29772253638497,0.836958692927467,1,1,-0.210977885327265,0.296623223091287
"integrated","sigma","sigma[1,2]",1,2,0.789022114672735,0.2085034013629,0.460763843457499,1.29772253638497,0.836958692927467,2,1,-0.210977885327265,0.296623223091287
"integrated","sigma","sigma[1,2]",1,2,0.789022114672735,0.2085034013629,0.460763843457499,1.29772253638497,0.836958692927467,3,1,-0.210977885327265,0.296623223091287
"integrated","sigma","sigma[1,2]",1,2,0.789022114672735,0.2085034013629,0.460763843457499,1.29772253638497,0.836958692927467,4,1,-0.210977885327265,0.296623223091287
"integrated","sigma","sigma[1,3]",1,3,0.86656155401783,0.162862000834382,0.585631638645923,1.22315308884875,0.637521450202832,1,1,-0.13343844598217,0.210546551104298
"integrated","sigma","sigma[1,3]",1,3,0.86656155401783,0.162862000834382,0.585631638645923,1.22315308884875,0.637521450202832,2,1,-0.13343844598217,0.210546551104298
"integrated","sigma","sigma[1,3]",1,3,0.86656155401783,0.162862000834382,0.585631638645923,1.22315308884875,0.637521450202832,3,1,-0.13343844598217,0.210546551104298
"integrated","sigma","sigma[1,3]",1,3,0.86656155401783,0.162862000834382,0.585631638645923,1.22315308884875,0.637521450202832,4,1,-0.13343844598217,0.210546551104298
"integrated","sigma","sigma[1,4]",1,4,1.18104652721692,0.203411398492545,0.856486037318835,1.61406575950561,0.757579722186775,1,1,0.18104652721692,0.272312397907256
"integrated","sigma","sigma[1,4]",1,4,1.18104652721692,0.203411398492545,0.856486037318835,1.61406575950561,0.757579722186775,2,1,0.18104652721692,0.272312397907256
"integrated","sigma","sigma[1,4]",1,4,1.18104652721692,0.203411398492545,0.856486037318835,1.61406575950561,0.757579722186775,3,1,0.18104652721692,0.272312397907256
"integrated","sigma","sigma[1,4]",1,4,1.18104652721692,0.203411398492545,0.856486037318835,1.61406575950561,0.757579722186775,4,1,0.18104652721692,0.272312397907256
"integrated","sigma","sigma[2,1]",2,1,0.956204265126778,0.330561890671569,0.461338388899648,1.75185020179343,1.29051181289378,1,1.5,-0.543795734873222,0.636384290213601
"integrated","sigma","sigma[2,1]",2,1,0.956204265126778,0.330561890671569,0.461338388899648,1.75185020179343,1.29051181289378,2,1.5,-0.543795734873222,0.636384290213601
"integrated","sigma","sigma[2,1]",2,1,0.956204265126778,0.330561890671569,0.461338388899648,1.75185020179343,1.29051181289378,3,1.5,-0.543795734873222,0.636384290213601
"integrated","sigma","sigma[2,1]",2,1,0.956204265126778,0.330561890671569,0.461338388899648,1.75185020179343,1.29051181289378,4,1.5,-0.543795734873222,0.636384290213601
"integrated","sigma","sigma[2,2]",2,2,1.07077448120884,0.345280995768908,0.494787897256389,1.81462132474387,1.31983342748748,1,1.5,-0.429225518791158,0.550866147099917
"integrated","sigma","sigma[2,2]",2,2,1.07077448120884,0.345280995768908,0.494787897256389,1.81462132474387,1.31983342748748,2,1.5,-0.429225518791158,0.550866147099917
"integrated","sigma","sigma[2,2]",2,2,1.07077448120884,0.345280995768908,0.494787897256389,1.81462132474387,1.31983342748748,3,1.5,-0.429225518791158,0.550866147099917
"integrated","sigma","sigma[2,2]",2,2,1.07077448120884,0.345280995768908,0.494787897256389,1.81462132474387,1.31983342748748,4,1.5,-0.429225518791158,0.550866147099917
"integrated","sigma","sigma[2,3]",2,3,1.56555374979927,0.429765384713555,0.836594527443675,2.58035883753712,1.74376431009344,1,1.5,0.0655537497992658,0.434736218885354
"integrated","sigma","sigma[2,3]",2,3,1.56555374979927,0.429765384713555,0.836594527443675,2.58035883753712,1.74376431009344,2,1.5,0.0655537497992658,0.434736218885354
"integrated","sigma","sigma[2,3]",2,3,1.56555374979927,0.429765384713555,0.836594527443675,2.58035883753712,1.74376431009344,3,1.5,0.0655537497992658,0.434736218885354
"integrated","sigma","sigma[2,3]",2,3,1.56555374979927,0.429765384713555,0.836594527443675,2.58035883753712,1.74376431009344,4,1.5,0.0655537497992658,0.434736218885354
"integrated","sigma","sigma[2,4]",2,4,1.74725900910405,0.455918865157613,1.02999696099636,2.77734209522337,1.74734513422701,1,1.5,0.247259009104051,0.518651163297378
"integrated","sigma","sigma[2,4]",2,4,1.74725900910405,0.455918865157613,1.02999696099636,2.77734209522337,1.74734513422701,2,1.5,0.247259009104051,0.518651163297378
"integrated","sigma","sigma[2,4]",2,4,1.74725900910405,0.455918865157613,1.02999696099636,2.77734209522337,1.74734513422701,3,1.5,0.247259009104051,0.518651163297378
"integrated","sigma","sigma[2,4]",2,4,1.74725900910405,0.455918865157613,1.02999696099636,2.77734209522337,1.74734513422701,4,1.5,0.247259009104051,0.518651163297378
"integrated","sigma","sigma[3,1]",3,1,0.933425148683712,0.240704268657341,0.57880637722169,1.48905634304655,0.910249965824858,1,1,-0.0665748513162878,0.249741377784402
"integrated","sigma","sigma[3,1]",3,1,0.933425148683712,0.240704268657341,0.57880637722169,1.48905634304655,0.910249965824858,2,2,-1.06657485131629,1.09339858167561
"integrated","sigma","sigma[3,1]",3,1,0.933425148683712,0.240704268657341,0.57880637722169,1.48905634304655,0.910249965824858,3,1,-0.0665748513162878,0.249741377784402
"integrated","sigma","sigma[3,1]",3,1,0.933425148683712,0.240704268657341,0.57880637722169,1.48905634304655,0.910249965824858,4,2,-1.06657485131629,1.09339858167561
"integrated","sigma","sigma[3,2]",3,2,1.78773006881651,0.481373714552458,1.11106568917453,2.94801686669486,1.83695117752033,1,1,0.787730068816508,0.92316808565921
"integrated","sigma","sigma[3,2]",3,2,1.78773006881651,0.481373714552458,1.11106568917453,2.94801686669486,1.83695117752033,2,2,-0.212269931183492,0.526098067613516
"integrated","sigma","sigma[3,2]",3,2,1.78773006881651,0.481373714552458,1.11106568917453,2.94801686669486,1.83695117752033,3,1,0.787730068816508,0.92316808565921
"integrated","sigma","sigma[3,2]",3,2,1.78773006881651,0.481373714552458,1.11106568917453,2.94801686669486,1.83695117752033,4,2,-0.212269931183492,0.526098067613516
"integrated","sigma","sigma[3,3]",3,3,1.10396701538858,0.295590045753092,0.657887297634276,1.81869786121141,1.16081056357713,1,1,0.103967015388583,0.31334105290741
"integrated","sigma","sigma[3,3]",3,3,1.10396701538858,0.295590045753092,0.657887297634276,1.81869786121141,1.16081056357713,2,2,-0.896032984611417,0.943529853613525
"integrated","sigma","sigma[3,3]",3,3,1.10396701538858,0.295590045753092,0.657887297634276,1.81869786121141,1.16081056357713,3,1,0.103967015388583,0.31334105290741
"integrated","sigma","sigma[3,3]",3,3,1.10396701538858,0.295590045753092,0.657887297634276,1.81869786121141,1.16081056357713,4,2,-0.896032984611417,0.943529853613525
"integrated","sigma","sigma[3,4]",3,4,1.76047199213758,0.454757777193811,1.1061968853845,2.84225118644149,1.73605430105698,1,1,0.760471992137576,0.886071265048105
"integrated","sigma","sigma[3,4]",3,4,1.76047199213758,0.454757777193811,1.1061968853845,2.84225118644149,1.73605430105698,2,2,-0.239528007862424,0.513982784214411
"integrated","sigma","sigma[3,4]",3,4,1.76047199213758,0.454757777193811,1.1061968853845,2.84225118644149,1.73605430105698,3,1,0.760471992137576,0.886071265048105
"integrated","sigma","sigma[3,4]",3,4,1.76047199213758,0.454757777193811,1.1061968853845,2.84225118644149,1.73605430105698,4,2,-0.239528007862424,0.513982784214411
"survival_only","p","p",NA,NA,0.584954496317234,0.0295154028595989,0.528954267047955,0.641729628427612,0.112775361379657,NA,NA,NA,NA
"survival_only","phi","phi[1]",1,NA,0.870176546901552,0.0716549195054033,0.728519723695943,0.990801739693299,0.262282015997356,NA,0.8,0.0701765469015524,0.10029543969868
"survival_only","phi","phi[2]",2,NA,0.719321624501871,0.0674820247301764,0.576323825600055,0.833270795576858,0.256946969976803,NA,0.6,0.119321624501871,0.13708199639431
"survival_only","phi","phi[3]",3,NA,0.534140122342291,0.0778602089686716,0.381988889433774,0.670021357405319,0.288032467971545,NA,0.5,0.0341401223422915,0.0850162342978789
